early_exit,auto_total_time,auto_avg_time,auto_tokens_per_sec,spec_total_time,spec_avg_time,spec_tokens_per_sec
2,54.379926919937134,10.875985383987427,31.151200377559434,29.002800703048706,5.800560140609742,31.755553866326665
4,55.39829397201538,11.079658794403077,31.120091908802895,34.64627718925476,6.929255437850952,37.49320577516113
6,45.954952239990234,9.190990447998047,31.422075959496347,35.421125650405884,7.084225130081177,37.68937252802135
8,38.48041272163391,7.696082544326782,31.756416149689176,33.25021767616272,6.650043535232544,32.66144031227079
10,39.413320541381836,7.8826641082763675,31.66442164368435,42.43353009223938,8.486706018447876,27.87889665150337
12,53.839237451553345,10.767847490310668,31.18543425714062,52.87265062332153,10.574530124664307,29.391376858918967
