{"gsm8k": {"alias": "gsm8k", "exact_match,strict-match": 0.1, "exact_match_stderr,strict-match": 0.09999999999999999, "exact_match,flexible-extract": 0.1, "exact_match_stderr,flexible-extract": 0.09999999999999999}}{"acceptance_rate": {"mean": 0.2667833060026169}, "total_time": {"mean": 10.073718452453614}, "time_per_token": {"mean": 0.019675231352448464}, "tokens_per_second": {"mean": 52.059594345092776}}