early_exit,auto_total_time,auto_avg_time,auto_tokens_per_sec,spec_total_time,spec_avg_time,spec_tokens_per_sec
2,97.14706897735596,19.42941379547119,22.131393387701117,98.19606757164001,19.639213514328002,21.51817330626237
4,79.63134765625,15.92626953125,22.064175123401906,117.96700930595398,23.593401861190795,21.005872867160424
6,76.06757068634033,15.213514137268067,21.13910021697003,57.85327458381653,11.570654916763306,23.50774454485999
8,46.08332395553589,9.216664791107178,22.329118467948284,48.74049234390259,9.748098468780517,26.52825069711783
10,81.2846417427063,16.25692834854126,21.35704805706143,48.877092361450195,9.775418472290038,31.91679219507718
12,106.20642948150635,21.24128589630127,21.03450808869349,59.661192178726196,11.932238435745239,21.16954009595465
