early_exit,auto_total_time,auto_avg_time,auto_tokens_per_sec,spec_total_time,spec_avg_time,spec_tokens_per_sec
2,43.787437915802,8.757487583160401,31.493050647348944,31.10381555557251,6.220763111114502,33.21135949235428
4,54.89384889602661,10.978769779205322,31.114597251781163,40.18341279029846,8.036682558059692,42.25624162042181
6,37.0737783908844,7.4147556781768795,31.558693253873376,41.59742546081543,8.319485092163086,35.771444591004524
8,66.04112029075623,13.208224058151245,30.88984546322935,38.97549605369568,7.795099210739136,31.27606120318804
10,41.59236025810242,8.318472051620484,31.616383197292365,31.14207911491394,6.228415822982788,31.597119651807784
12,44.26229429244995,8.85245885848999,31.539259821832665,50.94069695472717,10.188139390945434,36.45415377120542
