{"gsm8k": {"alias": "gsm8k", "exact_match,strict-match": 0.3, "exact_match_stderr,strict-match": 0.15275252316519466, "exact_match,flexible-extract": 0.3, "exact_match_stderr,flexible-extract": 0.15275252316519466}}{"acceptance_rate": {"mean": 0.23198049068450927}, "total_time": {"mean": 196.24587860107422}, "time_per_token": {"mean": 0.3832927316427231}, "tokens_per_second": {"mean": 2.6847115635871885}}