{
    "predicted_text": {
      "rouge-l": 0.12896081805229187,
      "rouge-1": 0.18140441179275513,
      "rouge-2": 0.08250842243432999,
      "rouge-3": 0.04894765466451645,
      "bleu_score": 0.0,
      "exact_match": 1759.90000244140625
    },
    "acceptance_rate": {
      "mean": 0.4004205133020878
    },
    "total_time": {
      "mean": 7.7249407696723935
    },
    "time_per_token": {
      "mean": 0.015732052288949494
    },
    "tokens_per_second": {
      "mean": 68.3777988243103
    }
  }
  
