{"gsm8k": {"alias": "gsm8k", "exact_match,strict-match": 0.4, "exact_match_stderr,strict-match": 0.16329931618554522, "exact_match,flexible-extract": 0.4, "exact_match_stderr,flexible-extract": 0.16329931618554522}}{"acceptance_rate": {"mean": 0.37864292562007906}, "total_time": {"mean": 17.96145305633545}, "time_per_token": {"mean": 0.03508096300065518}, "tokens_per_second": {"mean": 29.48119010925293}}